City_ID,City,Country,Lat,Lng,Max Temp,Humidity,Cloudiness,Wind Speed,Description
0,Port Elizabeth,ZA,-33.918,25.5701,69.1,73,0,21.85,clear sky
1,Richards Bay,ZA,-28.783,32.0377,71.33,91,73,13.67,light rain
2,Ushuaia,AR,-54.8,-68.3,44.26,61,75,9.22,broken clouds
3,Lebu,CL,-37.6167,-73.65,60.17,92,12,7.85,few clouds
4,Hermanus,ZA,-34.4187,19.2345,64.9,92,41,5.55,light rain
5,Qaanaaq,GL,77.484,-69.3632,-2.15,51,19,8.99,few clouds
6,Necochea,AR,-38.5473,-58.7368,68.04,70,75,14.76,broken clouds
7,Mandera,KE,3.9366,41.867,81.18,32,81,8.66,broken clouds
8,Falmouth,GB,50.1544,-5.0711,52.7,93,75,18.41,mist
9,Nanortalik,GL,60.1432,-45.2371,17.11,66,100,42.59,overcast clouds
10,Venado Tuerto,AR,-33.7456,-61.9688,70.77,65,100,11.12,overcast clouds
11,Luderitz,NA,-26.6481,15.1594,67.23,74,0,13.65,clear sky
12,Dhidhdhoo,MV,6.8833,73.1,82.02,76,67,13.33,broken clouds
13,Mehamn,NO,71.0357,27.8492,25.88,69,100,15.68,overcast clouds
14,Torbay,CA,47.6666,-52.7314,26.76,80,100,12.66,overcast clouds
15,Kimamba,TZ,-6.7833,37.1333,70.23,96,57,0.63,light rain
16,Filadelfia,US,39.9523,-75.1638,30.36,36,20,20.71,few clouds
17,Kudahuvadhoo,MV,2.6708,72.8944,82.08,68,97,10.76,overcast clouds
18,Tiznit,MA,29.5833,-9.5,51.87,87,52,4.97,broken clouds
19,Belyy Yar,RU,53.6039,91.3903,-0.51,85,98,2.24,overcast clouds
20,Monrovia,LR,6.3005,-10.7969,79.14,89,18,6.51,few clouds
21,Iqaluit,CA,63.7506,-68.5145,-31.27,73,20,4.61,few clouds
22,Jamestown,US,42.097,-79.2353,17.19,67,100,9.22,mist
23,Nueve De Julio,AR,-35.4444,-60.8831,73.71,85,100,13.04,moderate rain
24,San Cristobal,VE,7.7669,-72.225,69.98,88,97,3.09,overcast clouds
25,Hambantota,LK,6.1241,81.1185,74.8,88,32,7.14,scattered clouds
26,Oranjemund,NA,-28.55,16.4333,63.43,94,21,9.82,few clouds
27,Cape Town,ZA,-33.9258,18.4232,69.1,78,20,8.05,few clouds
28,Stromness,GB,58.965,-3.296,37.65,76,100,31.68,overcast clouds
29,Busselton,AU,-33.65,115.3333,69.04,67,88,13.73,overcast clouds
30,Albany,US,42.6001,-73.9662,23.23,69,51,1.01,light snow
31,Bredasdorp,ZA,-34.5322,20.0403,64.27,88,5,6.91,clear sky
32,Georgetown,MY,5.4112,100.3354,80.53,92,20,3.44,few clouds
33,Naklo Nad Notecia,PL,53.1421,17.6018,35.55,76,57,12.82,broken clouds
34,Puerto Del Rosario,ES,28.5004,-13.8627,60.55,77,62,23.02,broken clouds
35,Arraial Do Cabo,BR,-22.9661,-42.0278,73.83,91,100,10.71,heavy intensity rain
36,Milos,GR,36.75,24.4333,48.92,65,72,13.15,broken clouds
37,Vila Franca Do Campo,PT,37.7167,-25.4333,56.19,68,70,3.31,broken clouds
38,Saint-Augustin,CA,51.226,-58.6502,3.24,90,85,1.3,overcast clouds
39,Prado,BR,-17.3411,-39.2208,78.39,84,43,10.89,scattered clouds
40,Quelimane,MZ,-17.8786,36.8883,74.79,96,96,1.74,light rain
41,Ponta Do Sol,PT,32.6667,-17.1,59.72,67,61,9.75,broken clouds
42,Inta,RU,66.0317,60.1659,26.24,83,81,16.44,broken clouds
43,Sao Gabriel,BR,-30.3364,-54.32,77.79,31,36,3.49,scattered clouds
44,Longyearbyen,SJ,78.2186,15.6401,-0.56,85,75,12.66,light snow
45,Caravelas,BR,-17.7125,-39.2481,78.04,82,12,8.46,few clouds
46,Mezen,RU,65.8522,44.24,27.21,93,100,9.06,overcast clouds
47,Altay,CN,47.8667,88.1167,5.86,64,34,6.96,scattered clouds
48,Lamu,KE,-2.2717,40.902,79.02,88,53,8.7,broken clouds
49,Bonavista,CA,48.6499,-53.1147,27.12,63,25,9.8,scattered clouds
50,Doha,QA,25.2867,51.5333,69.69,68,0,10.36,clear sky
51,Santa Helena De Goias,BR,-17.8136,-50.5969,65.32,97,52,4.68,broken clouds
52,Praia Da Vitoria,PT,38.7333,-27.0667,51.76,100,20,4.56,few clouds
53,Eenhana,NA,-17.4667,16.3333,73.15,85,63,3.22,light rain
54,Punta Arenas,CL,-53.15,-70.9167,46.51,81,100,9.22,overcast clouds
55,Havre-Saint-Pierre,CA,50.2334,-63.5986,14.59,85,100,16.11,overcast clouds
56,Pavlikeni,BG,43.2428,25.3219,50.38,48,99,1.19,overcast clouds
57,Victoria,HK,22.2855,114.1577,49.24,93,100,5.99,light rain
58,Sinnamary,GF,5.3833,-52.95,75.4,87,66,7.05,light rain
59,Mar Del Plata,AR,-38.0023,-57.5575,71.1,90,0,18.99,clear sky
60,Nushki,PK,29.5542,66.0215,53.69,40,0,1.36,clear sky
61,Visby,SE,57.6409,18.296,36.77,93,75,13.8,light rain
62,Hargeysa,SO,9.56,44.065,56.05,88,49,10.29,scattered clouds
63,Mansehra,PK,34.3333,73.2,41.59,44,0,6.35,clear sky
64,Sambava,MG,-14.2667,50.1667,74.61,85,94,5.57,overcast clouds
65,Killybegs,IE,54.6333,-8.45,50.45,92,100,34.02,heavy intensity rain
66,Upernavik,GL,72.7868,-56.1549,-6.16,70,100,2.21,overcast clouds
67,Kulhudhuffushi,MV,6.6221,73.07,81.97,76,69,13.73,broken clouds
68,Roald,NO,62.5833,6.1333,37.0,93,75,20.71,broken clouds
69,Mangrol,IN,21.1167,70.1167,70.27,41,4,11.05,clear sky
70,Vedasandur,IN,10.5333,77.95,69.26,93,25,2.35,scattered clouds
71,Belomorsk,RU,64.5232,34.7668,2.01,100,86,2.77,overcast clouds
72,Port Alfred,ZA,-33.5906,26.891,71.49,75,2,18.81,clear sky
73,Dikson,RU,73.5069,80.5464,22.23,95,100,19.44,light snow
74,Terekli-Mekteb,RU,44.1671,45.8698,41.14,86,30,5.28,scattered clouds
75,Codrington,AU,-38.2667,141.9667,63.57,61,100,11.25,overcast clouds
76,Santa Cruz,BO,-17.8,-63.1667,78.26,78,40,9.22,scattered clouds
77,Touros,BR,-5.1989,-35.4608,79.7,79,16,10.6,few clouds
78,Podor,MR,16.6527,-14.9587,78.75,25,18,2.3,few clouds
79,Margate,GB,51.3813,1.3862,44.31,84,85,3.0,overcast clouds
80,Chuy,UY,-33.6971,-53.4616,68.77,83,10,7.96,clear sky
81,Caninde De Sao Francisco,BR,-9.66,-37.7894,78.13,77,88,8.46,overcast clouds
82,Boa Vista,BR,2.8197,-60.6733,85.98,48,0,6.91,clear sky
83,Hithadhoo,MV,-0.6,73.0833,81.23,71,88,3.85,overcast clouds
84,Brufut,GM,13.3814,-16.7518,71.69,60,20,5.75,haze
85,Floro,NO,61.5996,5.0328,37.36,70,100,16.11,light rain
86,Sabla,NG,12.7525,4.7077,72.45,12,3,12.37,clear sky
87,Coquimbo,CL,-29.9533,-71.3436,66.54,75,1,7.05,clear sky
88,Middleton,GB,53.55,-2.2,43.05,94,100,12.77,moderate rain
89,East London,ZA,-33.0153,27.9116,72.57,80,53,19.17,broken clouds
90,Sao Felix Do Xingu,BR,-6.6447,-51.995,71.08,98,100,1.28,overcast clouds
91,Krasnoselkup,RU,65.7,82.4667,16.34,93,98,17.27,overcast clouds
92,Qasigiannguit,GL,68.8193,-51.1922,8.85,95,100,7.29,overcast clouds
93,Bambous Virieux,MU,-20.3428,57.7575,80.85,89,75,26.46,light intensity shower rain
94,Clyde River,CA,70.4692,-68.5914,-9.17,84,100,31.07,heavy snow
95,Ishnya,RU,57.1907,39.36,35.47,97,100,12.53,overcast clouds
96,Iquique,CL,-20.2208,-70.1431,69.31,80,36,0.74,scattered clouds
97,Qaqortoq,GL,60.7167,-46.0333,14.5,64,100,31.59,overcast clouds
98,Klaksvik,FO,62.2266,-6.589,38.32,74,76,33.55,broken clouds
99,Itarema,BR,-2.9248,-39.9167,79.16,81,77,10.78,broken clouds
100,Plavsk,RU,53.7094,37.2919,34.52,83,96,21.34,overcast clouds
101,Chimore,BO,-16.9833,-65.1333,74.68,93,93,2.89,overcast clouds
102,Saint-Philippe,RE,-21.3585,55.7679,80.19,93,100,22.03,moderate rain
103,Tasiilaq,GL,65.6145,-37.6368,24.96,64,100,28.92,overcast clouds
104,La Tuque,CA,47.4334,-72.7824,12.45,67,100,14.97,overcast clouds
105,Peniche,PT,39.3558,-9.3811,52.61,86,2,21.27,clear sky
106,Jangipur,IN,24.4667,88.0667,63.48,36,36,4.59,scattered clouds
107,Joshimath,IN,30.5667,79.5667,33.12,58,33,7.34,scattered clouds
108,Fontenay-Le-Comte,FR,46.5833,-1.0,50.45,92,100,12.28,overcast clouds
109,Aksarka,RU,66.5606,67.7975,24.01,92,100,13.53,overcast clouds
110,Jacareacanga,BR,-6.2222,-57.7528,72.27,97,100,1.54,heavy intensity rain
111,Saldanha,ZA,-33.0117,17.9442,66.25,95,4,10.63,clear sky
112,Cap Malheureux,MU,-19.9842,57.6142,81.09,86,100,13.0,moderate rain
113,Pisco,PE,-13.7,-76.2167,71.65,78,75,16.11,broken clouds
114,Kantunil,MX,20.8,-89.0333,78.93,78,83,6.33,broken clouds
115,Cidreira,BR,-30.1811,-50.2056,73.99,74,0,12.37,clear sky
116,Maceio,BR,-9.6658,-35.7353,80.04,83,40,6.91,scattered clouds
117,Tefe,BR,-3.3542,-64.7114,74.71,89,67,1.88,broken clouds
118,Carnarvon,AU,-24.8667,113.6333,91.47,25,56,8.05,broken clouds
119,Vesyegonsk,RU,58.664,37.2604,33.37,97,100,10.98,light snow
120,Mozarlandia,BR,-14.7447,-50.5706,69.69,99,100,7.83,overcast clouds
121,Saint-Francois,FR,46.4154,3.9054,44.04,65,100,8.05,overcast clouds
122,Ostrovnoy,RU,68.0531,39.5131,21.15,95,90,6.44,overcast clouds
123,Gat,IL,31.61,34.7642,54.39,100,45,4.14,scattered clouds
124,Vestmanna,FO,62.1564,-7.1664,36.52,75,100,29.93,overcast clouds
125,Bani Walid,LY,31.7566,13.9942,59.99,33,100,10.07,overcast clouds
126,Grand Gaube,MU,-20.0064,57.6608,81.0,86,100,13.0,moderate rain
127,Westport,US,41.1415,-73.3579,30.74,43,0,26.46,clear sky
128,La Fleche,FR,47.6982,-0.0755,48.97,94,97,12.28,overcast clouds
129,Carutapera,BR,-1.195,-46.02,77.38,85,55,4.52,broken clouds
130,Berlevag,NO,70.8578,29.0864,26.69,65,100,18.21,light snow
131,Ritchie,ZA,-29.038,24.6028,61.81,54,37,6.6,scattered clouds
132,Ponyri,RU,52.3186,36.3039,35.04,79,46,20.33,scattered clouds
133,Meulaboh,ID,4.1363,96.1285,76.1,87,80,3.8,broken clouds
134,Havelock,US,34.8791,-76.9013,53.02,50,0,1.01,clear sky
135,Aguada De Pasajeros,CU,22.385,-80.8508,78.94,68,26,12.44,scattered clouds
136,Palitana,IN,21.5167,71.8333,68.22,27,3,6.35,clear sky
137,Narsaq,GL,60.9167,-46.05,14.22,82,100,8.52,overcast clouds
138,Mhlume,SZ,-26.0333,31.85,70.86,95,11,3.47,few clouds
139,Lakhdenpokhya,RU,61.5198,30.1992,22.26,89,100,9.62,overcast clouds
140,Otjimbingwe,NA,-22.35,16.1333,76.95,66,26,0.83,scattered clouds
141,Dolores,AR,-36.3132,-57.6792,67.28,79,70,7.9,broken clouds
142,Nuzvid,IN,16.7833,80.85,68.85,89,58,3.0,light rain
143,Sao Paulo De Olivenca,BR,-3.3783,-68.8725,75.76,92,88,0.92,light rain
144,Cockburn Town,TC,21.4612,-71.1419,77.23,75,30,17.67,scattered clouds
145,Vardo,NO,70.3705,31.1107,27.84,62,100,21.56,light snow
146,Wilmington,US,34.2257,-77.9447,53.85,47,0,6.91,clear sky
147,Los Llanos De Aridane,ES,28.6585,-17.9182,58.75,70,75,24.16,broken clouds
148,Atar,MR,20.5169,-13.0499,70.38,19,0,12.08,clear sky
149,Shahr-E Babak,IR,30.1165,55.1186,48.97,49,6,7.61,clear sky
150,Salalah,OM,17.0151,54.0924,73.49,64,20,4.61,few clouds
151,Berbera,SO,10.4396,45.0143,73.49,74,19,5.97,few clouds
152,Mumford,GH,5.2618,-0.759,78.87,87,92,8.75,overcast clouds
153,Kissamos,GR,35.4939,23.6569,53.91,66,97,6.04,overcast clouds
154,Qeshm,IR,26.9581,56.2719,67.89,70,1,5.99,clear sky
155,Sokoto,NG,13.0609,5.239,70.74,12,3,12.1,clear sky
156,Maua,BR,-23.6678,-46.4614,71.1,85,95,2.71,overcast clouds
157,Dingle,PH,10.9995,122.6711,79.7,79,100,8.75,overcast clouds
158,Andenes,NO,69.3143,16.1194,26.58,54,100,25.32,overcast clouds
159,Cururupu,BR,-1.8283,-44.8683,76.33,89,100,1.95,light rain
160,Nouadhibou,MR,20.931,-17.0347,64.38,77,0,25.32,clear sky
161,Paratebueno,CO,4.3758,-73.2155,80.56,47,36,3.94,scattered clouds
162,Carupano,VE,10.6678,-63.2585,74.7,85,39,9.64,scattered clouds
163,Calbuco,CL,-41.768,-73.1273,57.36,80,76,6.62,broken clouds
164,Cordoba,AR,-31.4135,-64.1811,71.76,84,0,4.61,clear sky
165,Jalu,LY,29.0331,21.5482,57.13,56,52,4.54,broken clouds
166,Kidal,ML,18.4411,1.4078,72.84,13,4,12.26,clear sky
167,Castro,BR,-24.7911,-50.0119,62.31,85,46,3.4,scattered clouds
168,Zaykovo,RU,57.5613,62.7568,11.19,87,47,8.68,scattered clouds
169,Zyryanskoye,RU,56.8306,86.6258,1.45,98,44,6.44,scattered clouds
170,Ciro Marina,IT,39.3732,17.126,58.86,78,100,2.75,overcast clouds
171,Rawson,AR,-43.3002,-65.1023,63.23,86,82,24.85,broken clouds
172,Novouzensk,RU,50.4592,48.1431,29.17,98,91,12.86,overcast clouds
173,Ribeira Grande,PT,38.5167,-28.7,55.24,57,50,5.19,scattered clouds
174,Bara,NG,10.3744,10.7288,71.46,22,52,12.93,broken clouds
175,Santa Rosa,PH,14.3122,121.1114,82.85,72,100,9.17,overcast clouds
176,Goderich,CA,43.7501,-81.7165,21.9,58,100,12.66,overcast clouds
177,Kindu,CD,-2.95,25.95,70.83,94,100,2.66,overcast clouds
178,Rocha,UY,-34.4833,-54.3333,65.44,92,58,5.32,broken clouds
179,Santo Angelo,BR,-28.2992,-54.2631,82.72,28,0,2.3,clear sky
180,Tessalit,ML,20.1986,1.0114,73.98,13,83,14.34,broken clouds
181,Ariquemes,BR,-9.9133,-63.0408,71.76,99,100,4.07,moderate rain
182,Gazanjyk,TM,39.2446,55.5154,49.96,44,81,1.21,broken clouds
183,Askarovo,RU,53.3372,58.5089,-8.45,84,80,2.24,mist
184,Jumla,NP,29.2747,82.1838,30.4,90,78,3.33,broken clouds
185,Bandarbeyla,SO,9.4942,50.8122,74.62,73,47,16.49,scattered clouds
186,Bermeo,ES,43.4209,-2.7215,45.09,79,26,8.25,scattered clouds
187,Adrar,MR,20.5022,-10.0711,68.0,21,1,11.27,clear sky
188,Namwala,ZM,-15.7504,26.4384,63.52,97,29,1.57,scattered clouds
189,Bereslavka,RU,48.6254,44.0449,36.37,79,99,16.31,overcast clouds
190,Hofn,IS,64.2539,-15.2082,26.69,90,100,25.1,light snow
191,Beloha,MG,-25.1667,45.05,71.65,82,0,10.74,clear sky
192,Guatire,VE,10.4762,-66.5427,77.5,93,72,3.47,broken clouds
193,Farsund,NO,58.0948,6.8047,35.06,100,11,12.26,few clouds
194,Zschopau,DE,50.75,13.0667,40.24,77,75,16.73,light rain
195,Sao Gabriel Da Cachoeira,BR,-0.1303,-67.0892,73.53,97,62,1.88,broken clouds
196,Urumqi,CN,43.801,87.6005,-3.05,85,75,2.24,mist
197,Guarapari,BR,-20.6667,-40.4975,78.69,94,100,7.96,moderate rain
198,Mari,BR,-7.06,-35.3194,79.61,88,22,5.64,few clouds
199,Paso De Carrasco,UY,-34.8603,-56.0522,71.74,78,0,12.66,clear sky
200,Mao,ES,39.8885,4.2658,54.16,58,0,19.57,clear sky
201,Saint-Louis,SN,16.3333,-15.0,78.44,7,35,10.87,scattered clouds
202,Taltal,CL,-25.4,-70.4833,68.56,82,24,5.17,few clouds
203,Lagoa,PT,39.05,-27.9833,55.02,58,49,7.11,scattered clouds
204,Kondol,RU,52.8189,45.058,32.27,97,100,19.44,light snow
205,Mahebourg,MU,-20.4081,57.7,80.89,89,75,26.46,light intensity shower rain
206,Azangaro,PE,-14.9167,-70.2167,44.8,74,92,4.99,overcast clouds
207,Bilma,NE,18.6853,12.9164,62.89,20,61,7.78,broken clouds
208,Thompson,CA,55.7435,-97.8558,-12.84,70,40,6.91,scattered clouds
209,Namibe,AO,-15.1961,12.1522,76.32,75,100,6.53,overcast clouds
210,Zarinsk,RU,53.7074,84.9493,-12.23,100,89,4.21,overcast clouds
211,Azare,NG,11.6765,10.1948,65.39,19,31,9.53,scattered clouds
212,Minsk,BY,53.9,27.5667,35.35,76,95,22.7,overcast clouds
213,Nsanje,MW,-16.92,35.262,73.18,99,100,3.96,moderate rain
214,Nioro,GM,13.35,-15.75,78.21,17,18,11.65,few clouds
215,Itarantim,BR,-15.6597,-40.0656,74.14,76,92,4.29,overcast clouds
216,Port Blair,IN,11.6667,92.75,69.84,94,40,2.3,mist
217,Galle,LK,6.0367,80.217,77.22,82,58,1.28,broken clouds
218,Vestmannaeyjar,IS,63.4427,-20.2734,34.2,77,100,48.41,light snow
219,Ilulissat,GL,69.2167,-51.1,8.62,78,75,9.22,light snow
220,Male,MV,4.1748,73.5089,81.95,70,91,11.61,overcast clouds
221,Ballina,AU,-28.8667,153.5667,77.18,81,75,6.91,broken clouds
222,San Ramon De La Nueva Oran,AR,-23.1322,-64.326,83.34,64,71,1.07,broken clouds
223,Panama City,PA,8.9936,-79.5197,82.06,62,20,18.41,few clouds
224,Kamenskiy,RU,50.8855,45.488,30.94,90,100,15.5,snow
225,Awjilah,LY,29.1081,21.2869,57.25,57,57,5.21,broken clouds
226,Azuaga,ES,38.2667,-5.6833,45.97,81,25,7.43,scattered clouds
227,Natal,BR,-5.795,-35.2094,79.45,94,75,6.91,broken clouds
228,Konstancin-Jeziorna,PL,52.0938,21.1176,41.14,68,0,13.8,clear sky
229,Axim,GH,4.8699,-2.2405,79.63,86,98,6.62,overcast clouds
230,Nuuk,GL,64.1835,-51.7216,3.81,78,100,17.27,overcast clouds
231,Kumo,NG,10.0447,11.2122,72.09,22,65,13.76,broken clouds
232,Mastic Beach,US,40.7668,-72.8521,31.01,42,0,23.02,clear sky
233,Khanapur,IN,15.6333,74.5167,60.42,56,94,1.23,overcast clouds
234,Camacha,PT,33.0833,-16.3333,56.62,67,40,24.16,scattered clouds
235,Sabzevar,IR,36.2126,57.6819,50.02,39,99,3.98,overcast clouds
236,Hun,LY,29.1268,15.9477,57.43,26,49,5.84,scattered clouds
237,Karatau,KZ,43.1667,70.4667,37.0,42,99,4.97,overcast clouds
238,Laguna,US,38.421,-121.4238,74.64,33,0,3.44,clear sky
239,Svetlyy,RU,54.675,20.1347,39.25,78,73,19.77,broken clouds
240,San Andres,CO,12.5847,-81.7006,80.62,69,20,16.11,few clouds
241,Beyneu,KZ,45.3167,55.2,35.28,82,7,7.52,clear sky
242,Verdun,FR,49.25,5.3333,45.09,84,100,20.78,overcast clouds
243,Vila Velha,BR,-20.3297,-40.2925,78.75,91,75,11.5,moderate rain
244,Port Antonio,JM,18.18,-76.4612,78.71,80,15,3.27,few clouds
245,Willowmore,ZA,-33.2926,23.4895,66.34,42,0,5.53,clear sky
246,Berwick,US,41.0545,-76.2333,24.35,49,57,5.01,broken clouds
247,Osterholz-Scharmbeck,DE,53.2333,8.8,37.9,97,100,1.99,overcast clouds
248,Sayyan,YE,15.1718,44.3244,56.53,41,13,0.34,few clouds
249,Sao Filipe,CV,14.8961,-24.4956,70.65,64,36,15.03,scattered clouds
250,Virginia Beach,US,36.8529,-75.978,51.84,34,0,23.02,clear sky
251,Kikwit,CD,-5.041,18.8162,67.32,95,97,2.33,overcast clouds
252,Omboue,GA,-1.5746,9.2618,78.04,88,34,1.3,light rain
253,Maragogi,BR,-9.0122,-35.2225,80.69,76,59,12.35,broken clouds
254,Tornio,FI,65.8481,24.1466,23.02,92,100,9.35,overcast clouds
255,Timizart,DZ,36.8,4.2667,49.73,91,68,2.17,broken clouds
256,Maidens,GB,55.3338,-4.8147,42.84,95,100,21.9,moderate rain
257,Taoudenni,ML,22.6783,-3.9836,70.81,13,69,9.33,broken clouds
258,Oktyabrskiy,RU,54.4815,53.471,25.27,92,99,12.12,overcast clouds
259,Takoradi,GH,4.8845,-1.7554,79.25,86,96,7.14,overcast clouds
260,Goundam,ML,16.4145,-3.6708,75.06,11,26,8.3,scattered clouds
261,Thunder Bay,CA,48.4001,-89.3168,14.56,81,100,6.91,overcast clouds
262,Gogrial,SS,8.5332,28.1004,77.77,17,81,10.47,broken clouds
263,Siavonga,ZM,-16.5382,28.7088,72.73,87,87,4.25,moderate rain
264,Miguel Calmon,BR,-11.4289,-40.595,72.66,75,62,3.33,broken clouds
265,Ndende,GA,-2.4008,11.3581,72.77,96,65,1.99,light rain
266,Bubaque,GW,11.2833,-15.8333,77.86,68,58,18.07,broken clouds
267,Kushmurun,KZ,52.4503,64.6311,-4.88,96,23,6.35,few clouds
268,Kruisfontein,ZA,-34.0033,24.7314,66.88,67,1,21.52,clear sky
269,Sistranda,NO,63.7256,8.834,32.9,79,96,23.94,light snow
270,Chalinze,TZ,-6.6378,38.354,74.1,96,31,3.22,scattered clouds
271,Kansanshi,ZM,-12.0951,26.4273,60.04,97,97,3.83,overcast clouds
272,Obo,CF,5.3998,26.4869,75.29,18,93,2.21,overcast clouds
273,Hamilton,US,39.1834,-84.5333,28.24,51,0,6.91,clear sky
274,Muisne,EC,0.6,-80.0333,76.51,89,69,2.24,light rain
275,Bathsheba,BB,13.2167,-59.5167,77.61,73,20,13.8,few clouds
276,Dalvik,IS,65.9702,-18.5286,22.93,89,99,6.2,overcast clouds
277,Ciudad Bolivar,VE,8.1222,-63.5497,84.16,46,84,15.1,broken clouds
278,Nicolas Bravo,MX,18.45,-88.9167,81.48,68,6,5.26,clear sky
279,Harlingen,US,26.1906,-97.6961,66.38,59,75,14.97,broken clouds
280,Tobol,KZ,52.6844,62.5794,-6.23,98,5,5.93,clear sky
281,Muzaffarabad,PK,34.37,73.4711,44.89,53,1,6.71,clear sky
282,Forestville,US,38.8451,-76.875,33.08,34,0,26.46,clear sky
283,Grindavik,IS,63.8424,-22.4338,33.75,69,75,34.52,snow
284,Muros,ES,42.7762,-9.0603,51.1,80,71,2.57,broken clouds
285,Matara,LK,5.9485,80.5353,74.53,91,44,3.47,scattered clouds
286,Bojnurd,IR,37.4747,57.329,37.35,65,0,2.3,clear sky
287,Husavik,IS,66.0449,-17.3389,22.91,90,80,7.85,broken clouds
288,Munak,IN,29.5187,76.8486,50.54,55,0,8.05,clear sky
289,Salinopolis,BR,-0.6136,-47.3561,79.2,80,11,6.69,moderate rain
290,Andros Town,BS,24.7,-77.7667,75.16,74,15,8.55,few clouds
291,Shahrud,IR,36.4182,54.9763,44.06,69,100,1.05,overcast clouds
292,Faya,SA,18.3851,42.4509,55.51,79,2,5.12,clear sky
293,Baripada,IN,21.935,86.7214,69.04,47,87,2.68,overcast clouds
294,Ambovombe,MG,-25.1667,46.0833,70.86,87,0,8.1,clear sky
295,Ondjiva,AO,-17.0667,15.7333,68.36,85,77,1.23,moderate rain
296,Souillac,MU,-20.5167,57.5167,80.98,89,75,26.46,light intensity shower rain
297,Bengkulu,ID,-3.8004,102.2655,76.17,84,97,4.23,overcast clouds
298,Quipile,CO,4.7481,-74.5631,59.94,93,58,4.32,broken clouds
299,Gornopravdinsk,RU,60.05,69.9,16.95,77,4,10.71,clear sky
300,Itaituba,BR,-4.2761,-55.9836,72.07,98,98,0.38,moderate rain
301,Pangnirtung,CA,66.1451,-65.7125,-26.03,97,100,2.35,overcast clouds
302,Lawrenceburg,US,38.0373,-84.8966,33.01,45,0,3.44,clear sky
303,Mushie,CD,-3.0167,16.9,71.29,84,100,1.57,overcast clouds
304,Sayat,TM,38.7839,63.8803,35.47,45,29,5.97,scattered clouds
305,Kavaratti,IN,10.5669,72.642,80.64,72,5,8.72,clear sky
306,Trojan,PL,53.7897,20.2404,37.69,81,81,13.33,broken clouds
307,Krasnoborsk,RU,61.5598,45.934,31.98,94,100,10.69,light snow
308,Staryy Nadym,RU,65.6118,72.6842,24.89,95,100,18.52,overcast clouds
309,Ustye,RU,59.6304,39.736,33.01,98,100,10.49,overcast clouds
310,Millau,FR,44.0833,2.9167,39.99,83,12,7.36,few clouds
311,Port-Gentil,GA,-0.7193,8.7815,80.53,82,57,6.87,light rain
312,Mankono,CI,8.0586,-6.1897,80.8,32,85,2.53,overcast clouds
313,Damietta,EG,31.4165,31.8133,53.82,69,0,3.24,clear sky
314,Chapais,CA,49.7834,-74.8492,-4.22,89,100,11.74,overcast clouds
315,Jinka,ET,5.65,36.65,71.69,51,89,1.63,overcast clouds
316,Sao Joao Da Barra,BR,-21.6403,-41.0511,74.88,95,100,9.98,moderate rain
317,Kuytun,RU,54.3419,101.5036,12.99,96,100,5.46,light snow
318,Menongue,AO,-14.6585,17.691,61.9,94,79,1.66,broken clouds
319,Liman,UA,48.9884,37.8023,38.84,88,100,17.56,overcast clouds
320,Padang,ID,-0.9492,100.3543,71.65,77,75,3.47,broken clouds
321,Parana,AR,-31.732,-60.5238,82.54,30,90,5.26,overcast clouds
322,Penzance,GB,50.1186,-5.5371,52.81,89,84,28.86,broken clouds
323,Coihaique,CL,-45.5752,-72.0662,65.01,97,100,0.56,heavy intensity rain
324,Vizinga,RU,61.0749,50.1031,30.36,90,100,11.59,overcast clouds
325,Jind,IN,29.3167,76.3167,50.95,43,0,7.02,clear sky
326,Luena,AO,-11.7833,19.9167,60.78,97,74,2.42,broken clouds
327,Velka Nad Velickou,CZ,48.8826,17.5206,32.76,70,95,4.0,overcast clouds
328,Bosilegrad,RS,42.5011,22.4724,46.04,63,100,3.06,overcast clouds
329,San Ignacio,BZ,17.1561,-89.0714,84.34,58,0,4.61,clear sky
330,Birao,CF,10.2849,22.7882,74.77,15,74,14.67,broken clouds
331,Benghazi,LY,32.1167,20.0667,58.71,80,99,4.32,overcast clouds
332,Rincon,US,32.296,-81.2354,55.85,56,0,5.75,clear sky
333,Chibuto,MZ,-24.6867,33.5306,70.2,94,0,4.92,clear sky
334,Geraldton,AU,-28.7667,114.6,81.01,32,6,8.05,clear sky
335,Catamarca,AR,-28.4696,-65.7852,77.58,82,29,1.99,light rain
336,Dawlatabad,AF,36.4141,64.9053,48.72,51,5,2.71,clear sky
337,Shakawe,BW,-18.3667,21.85,68.36,73,32,4.63,scattered clouds
338,Danielskuil,ZA,-28.1887,23.5395,69.19,48,34,5.77,scattered clouds
339,Harihar,IN,14.5167,75.8,67.33,52,74,5.91,broken clouds
340,Kondinskoye,RU,59.6481,67.41,14.16,79,5,13.8,clear sky
341,Manavalakurichi,IN,8.1333,77.3,78.89,80,57,4.9,broken clouds
342,Sukhinichi,RU,54.0999,35.3425,33.08,96,97,19.06,light snow
343,Odweyne,SO,9.4092,45.064,63.46,39,33,9.8,scattered clouds
344,Olafsvik,IS,64.8945,-23.7142,31.26,59,100,26.8,snow
345,Sharjah,AE,25.3573,55.4033,74.25,61,0,4.61,clear sky
346,Brae,GB,60.3964,-1.353,40.91,68,82,17.16,broken clouds
347,Turayf,SA,31.6725,38.6637,44.85,93,75,13.8,broken clouds
348,Labytnangi,RU,66.6572,66.4183,18.55,96,99,6.76,overcast clouds
349,Buraydah,SA,26.326,43.975,55.85,30,6,8.19,clear sky
350,Ancud,CL,-41.8697,-73.8203,59.43,87,39,5.44,scattered clouds
351,Wrexham,GB,53.0,-3.0,50.85,95,100,15.95,overcast clouds
352,Inhambane,MZ,-23.865,35.3833,74.46,79,1,6.73,clear sky
353,Vieux-Habitants,GP,16.0589,-61.7659,76.71,74,18,9.64,few clouds
354,Lethem,GY,3.3803,-59.7968,83.57,52,71,12.33,broken clouds
355,Agdam,AZ,39.991,46.9274,43.9,61,88,2.35,overcast clouds
356,Riyadh,SA,24.6877,46.7219,69.94,22,27,9.42,scattered clouds
357,Valmiera,LV,57.5411,25.4275,32.41,89,100,9.98,overcast clouds
358,Apata,RO,45.95,25.5167,41.16,84,45,3.94,scattered clouds
359,Agirish,RU,61.9247,63.0231,23.92,92,99,10.31,overcast clouds
360,Pangody,RU,65.85,74.4859,24.1,93,100,17.54,overcast clouds
361,Scarborough,GB,54.2797,-0.4044,38.08,91,98,13.0,snow
362,Ajdabiya,LY,30.7554,20.2263,55.47,87,99,1.7,overcast clouds
363,Kasama,ZM,-10.2129,31.1808,58.91,97,100,3.49,overcast clouds
364,Arlit,NE,18.7369,7.3853,65.84,13,30,9.28,scattered clouds
365,Abalak,RU,58.1286,68.5944,10.58,82,3,8.77,clear sky
366,Mahon,ES,39.8885,4.2658,54.16,58,0,19.57,clear sky
367,Panaba,MX,21.2833,-88.2667,75.25,81,46,12.39,scattered clouds
368,Torzhok,RU,57.0436,34.9622,32.83,98,100,9.22,light snow
369,Stornoway,GB,58.2093,-6.3865,41.94,87,75,28.77,snow
370,Ileza,RU,61.0533,43.9002,30.31,97,100,9.73,light snow
371,Senneterre,CA,48.3835,-77.2328,-0.18,85,100,8.52,overcast clouds
372,Gondar,ET,12.6,37.4667,57.72,25,28,3.87,scattered clouds
373,Taylorville,US,39.5489,-89.2945,25.02,63,0,4.61,clear sky
374,Harper,LR,4.375,-7.7169,78.98,88,15,8.86,few clouds
375,Kuryk,KZ,43.2,51.65,41.49,53,0,3.2,clear sky
376,Barcarena,BR,-1.5058,-48.6258,78.85,88,92,6.98,heavy intensity rain
377,Cabedelo,BR,-6.9811,-34.8339,81.27,80,31,11.7,scattered clouds
378,Batticaloa,LK,7.7102,81.6924,76.33,88,87,5.01,overcast clouds
379,Gao,ML,16.6362,1.637,72.9,13,0,12.12,clear sky
380,Ponnampet,IN,12.15,75.9333,59.92,69,59,2.68,broken clouds
381,Vredendal,ZA,-31.6683,18.5012,62.08,97,11,6.2,few clouds
382,Palamos,ES,41.8484,3.1291,52.09,72,66,8.97,broken clouds
383,Vicencia,BR,-7.6569,-35.3267,81.21,85,31,6.44,scattered clouds
384,Olinda,BR,-8.0089,-34.8553,82.13,74,75,6.91,broken clouds
385,Chinsali,ZM,-10.5414,32.0816,61.0,99,100,3.74,overcast clouds
386,Mabaruma,GY,8.2,-59.7833,73.67,84,67,4.29,broken clouds
387,Pauini,BR,-7.7136,-66.9764,73.35,99,100,2.55,overcast clouds
388,Abong Mbang,CM,3.9833,13.1833,69.58,72,99,5.1,overcast clouds
389,Kalagarh,IN,29.5,78.75,49.14,56,0,4.27,clear sky
390,Usman,RU,52.0466,39.7288,37.44,94,96,15.82,overcast clouds
391,Mitsamiouli,KM,-11.3847,43.2844,82.4,76,100,5.03,overcast clouds
392,Rimouski,CA,48.4488,-68.524,15.48,96,100,8.99,light snow
393,Biltine,TD,14.5333,20.9167,65.55,13,1,22.48,clear sky
394,Brenes,ES,37.5494,-5.8714,56.01,75,0,3.44,clear sky
395,Bichena,ET,10.45,38.2,60.84,36,89,2.75,overcast clouds
396,Kisangani,CD,0.5167,25.2,73.54,81,100,3.09,overcast clouds
397,Siderno,IT,38.2779,16.302,57.83,62,100,6.33,overcast clouds
398,Baijiantan,CN,45.6333,85.1833,-0.31,94,36,1.48,scattered clouds
399,Gweta,BW,-20.1833,25.2333,74.77,47,22,10.65,few clouds
400,Oudtshoorn,ZA,-33.5907,22.2014,66.56,75,3,4.14,clear sky
401,Jatara,IN,25.0167,79.05,58.01,52,34,4.88,scattered clouds
402,Linhares,BR,-19.3911,-40.0722,73.29,97,98,3.76,very heavy rain
403,Tazovskiy,RU,67.4667,78.7,22.91,94,100,16.11,light snow
404,Kasempa,ZM,-13.4584,25.8338,61.56,97,70,3.06,broken clouds
405,Marawi,PH,7.9986,124.2928,67.64,85,95,0.74,light rain
406,Colesberg,ZA,-30.72,25.0972,67.48,39,54,6.24,broken clouds
407,Conde,BR,-7.2597,-34.9075,80.06,83,20,6.91,few clouds
408,Pervomayskiy,RU,53.2485,40.2871,32.13,90,100,19.04,overcast clouds
409,Requena,ES,39.4883,-1.1004,45.72,81,90,2.39,overcast clouds
410,Gilgit,PK,35.9221,74.3087,21.4,69,12,4.7,few clouds
411,Lira,UG,2.235,32.9097,73.94,40,92,4.56,overcast clouds
412,Mikkeli,FI,61.6886,27.2723,23.11,86,100,12.66,overcast clouds
413,Novyy Urengoy,RU,66.0833,76.6333,22.78,92,100,16.22,overcast clouds
414,Summerville,US,33.0185,-80.1757,53.98,51,0,0.0,clear sky
415,Piacabucu,BR,-10.4056,-36.4344,80.87,75,0,13.73,clear sky
416,Santa Vitoria Do Palmar,BR,-33.5189,-53.3681,69.06,82,5,7.87,clear sky
417,Tabou,CI,4.423,-7.3528,79.09,88,19,8.1,few clouds
418,Saint Anthony,US,45.0205,-93.218,22.12,61,0,18.41,clear sky
419,Bolekhiv,UA,49.0661,23.8643,31.12,62,86,10.11,overcast clouds
420,Harnosand,SE,62.6323,17.9379,6.8,78,95,10.4,overcast clouds
421,Annau,TM,37.8876,58.516,45.9,53,94,4.61,overcast clouds
422,Trincomalee,LK,8.5711,81.2335,78.82,81,96,9.93,overcast clouds
423,Wamba,NG,8.9333,8.6,74.25,14,94,4.72,overcast clouds
424,Shetpe,KZ,44.1667,52.1167,37.98,53,1,0.89,clear sky
425,Purranque,CL,-40.9167,-73.1667,52.79,80,38,0.38,scattered clouds
426,Sladkovo,RU,55.5284,70.3385,4.35,83,5,8.03,clear sky
427,Chicama,PE,-7.8447,-79.1469,66.74,67,94,7.47,overcast clouds
428,Chepareria,KE,1.3077,35.2039,64.27,55,94,5.53,overcast clouds
429,Jimeta,NG,9.2833,12.4667,74.93,21,61,4.68,broken clouds
430,Praia,CV,14.9215,-23.5087,69.73,68,40,20.67,scattered clouds
431,Inongo,CD,-1.95,18.2667,71.89,90,99,2.48,light rain
432,Gistel,BE,51.1495,2.9494,47.98,82,0,16.11,clear sky
433,Trairi,BR,-3.2778,-39.2689,78.42,83,78,7.25,broken clouds
434,Rio Brilhante,BR,-21.8019,-54.5464,76.91,55,34,6.04,scattered clouds
435,Nisia Floresta,BR,-6.0911,-35.2086,79.61,84,28,6.93,light rain
436,Siyabuswa,ZA,-25.1132,29.0445,72.36,65,38,2.73,scattered clouds
437,Bentiu,SS,9.2333,29.8333,76.46,16,16,9.17,few clouds
438,Ponta Delgada,PT,37.7333,-25.6667,56.5,71,20,6.91,few clouds
439,Aswan,EG,24.0934,32.907,55.72,48,0,8.72,clear sky
440,Tifton,US,31.4505,-83.5085,51.26,57,0,0.0,clear sky
441,Gamba,GA,-2.65,10.0,78.31,87,59,0.67,broken clouds
442,Sabaudia,IT,41.3003,13.0282,55.76,97,100,7.96,overcast clouds
443,Pitelino,RU,54.5777,41.8145,33.49,94,100,16.37,overcast clouds
444,Kirillov,RU,59.863,38.3813,32.94,97,100,9.78,light snow
445,Greece,US,43.2098,-77.6931,20.35,68,100,14.97,overcast clouds
446,Varberg,SE,57.1056,12.2508,39.33,93,89,24.09,overcast clouds
447,Listvyanskiy,RU,54.4399,83.4984,-4.25,100,58,6.04,broken clouds
448,Trzcianka,PL,53.0406,16.4563,36.41,72,54,10.98,broken clouds
449,Nantucket,US,41.2835,-70.0995,33.96,78,71,27.02,broken clouds
450,Libenge,CD,3.65,18.6333,76.1,72,100,4.99,overcast clouds
451,Luanda,AO,-8.8368,13.2343,77.9,85,52,3.47,light rain
452,Hukuntsi,BW,-24.0,21.75,74.52,60,94,8.7,overcast clouds
453,Camopi,GF,3.1655,-52.3158,72.37,99,94,2.48,overcast clouds
454,Mul,IN,20.0667,79.6667,68.88,56,32,2.89,scattered clouds
455,Port Hawkesbury,CA,45.6169,-61.3485,27.99,87,100,3.44,overcast clouds
456,Assare,BR,-6.8744,-39.875,72.05,81,91,1.99,overcast clouds
457,Dubinino,RU,55.6192,89.0911,-2.34,96,19,4.29,few clouds
458,Comodoro Rivadavia,AR,-45.8667,-67.5,57.06,94,100,18.41,light intensity drizzle rain
459,Micheweni,TZ,-4.9667,39.8333,79.68,79,26,4.32,scattered clouds
460,Kayerkan,RU,69.3497,87.7602,21.52,100,100,20.71,snow
461,Nagaur,IN,27.2,73.7333,63.63,28,0,8.25,clear sky
462,Ullapool,GB,57.8987,-5.1604,39.76,95,100,9.75,heavy intensity rain
463,Gospic,HR,44.5461,15.3747,46.09,94,100,3.49,overcast clouds
464,Tubuala,PA,9.5167,-79.0333,80.71,75,8,16.15,clear sky
465,Abha,SA,18.2164,42.5053,55.22,88,20,8.05,few clouds
466,Los Andes,CL,-32.8337,-70.5983,72.57,28,0,5.23,clear sky
467,Turukhansk,RU,65.8167,87.9833,16.27,94,100,16.87,overcast clouds
468,Springbok,ZA,-29.6643,17.8865,64.81,50,2,3.24,clear sky
469,Kayes,ML,14.0,-11.0,82.76,13,6,4.79,clear sky
470,Saint George,US,37.1041,-113.5841,68.47,15,0,3.44,clear sky
471,Kuybysheve,UA,47.358,36.6491,39.06,75,98,13.58,overcast clouds
472,Leshukonskoye,RU,64.8989,45.7622,27.52,95,99,7.92,overcast clouds
473,Lalibela,ET,12.0333,39.0333,61.63,54,73,5.95,broken clouds
474,Kostomuksha,RU,64.571,30.5767,6.35,100,95,3.11,light snow
475,Vawkavysk,BY,53.1561,24.4513,34.97,81,79,16.96,broken clouds
476,Mecca,SA,21.4267,39.8261,59.65,50,0,8.9,clear sky
477,Nosy Varika,MG,-20.5833,48.5333,74.37,82,58,8.5,broken clouds
478,Yar-Sale,RU,66.8333,70.8333,28.38,94,100,17.31,overcast clouds
479,San Ramon,US,37.7799,-121.978,73.29,37,0,6.91,clear sky
480,Kuusamo,FI,65.9667,29.1833,21.24,93,100,5.75,light snow
481,Pafos,CY,34.7667,32.4167,49.91,71,0,5.75,clear sky
482,Terre-De-Bas,GP,15.8501,-61.6442,76.66,71,21,15.66,few clouds
483,Diego De Almagro,CL,-26.3667,-70.05,69.62,45,0,5.46,clear sky
484,Santiago Del Estero,AR,-27.7951,-64.2615,85.91,32,8,3.53,clear sky
485,San Carlos De Bariloche,AR,-41.1456,-71.3082,53.35,87,75,6.91,broken clouds
486,Dunmore Town,BS,25.5,-76.65,75.7,80,2,5.14,clear sky
487,Conceicao Do Mato Dentro,BR,-19.0372,-43.425,67.62,99,100,0.76,heavy intensity rain
488,Elizabeth City,US,36.2946,-76.2511,51.82,31,1,17.27,clear sky
489,Alingsas,SE,57.9303,12.5335,39.34,98,82,4.63,light snow
490,Manthani,IN,18.65,79.6667,69.73,52,78,3.09,broken clouds
491,Yako,BF,12.9667,-2.2667,79.05,14,3,9.93,clear sky
492,Lokosovo,RU,61.1333,74.8167,15.31,84,17,11.65,few clouds
493,Muvattupula,IN,9.9667,76.5833,73.15,84,18,1.97,few clouds
494,Mutoko,ZW,-17.397,32.2268,62.65,91,96,2.04,overcast clouds
495,Lodwar,KE,3.1191,35.5973,87.13,31,43,5.77,scattered clouds
496,Sturgeon Bay,US,44.8342,-87.377,15.1,57,0,12.66,clear sky
497,Sibenik,HR,43.7272,15.9058,55.06,83,100,8.48,overcast clouds
498,Constitucion,CL,-35.3333,-72.4167,60.44,85,8,15.52,clear sky
499,Tromso,NO,69.6496,18.957,21.22,63,0,2.3,clear sky
500,Diffa,NE,13.3154,12.6113,66.74,27,17,13.13,few clouds
501,Belmonte,BR,-15.8631,-38.8828,81.1,82,11,9.04,few clouds
502,Albemarle,US,35.3501,-80.2001,53.1,27,0,9.22,clear sky
503,Saint-Pierre,RE,-21.3393,55.4781,80.28,89,100,31.07,light rain
504,Thinadhoo,MV,0.5333,72.9333,81.3,71,100,6.96,overcast clouds
505,Macau,MO,22.2006,113.5461,47.93,93,75,29.93,broken clouds
506,Boden,SE,65.8252,21.6886,21.2,95,100,4.79,overcast clouds
507,Adigeni,GE,41.6819,42.6987,26.47,95,65,1.7,broken clouds
508,Kalachinsk,RU,55.0529,74.5751,-3.77,90,5,6.22,clear sky
509,Miandrivazo,MG,-19.5167,45.4667,77.76,87,27,0.96,scattered clouds
510,Quatre Cocos,MU,-20.2078,57.7625,80.71,90,100,29.53,moderate rain
511,Akonolinga,CM,3.7667,12.25,67.46,91,80,2.98,broken clouds
512,Sorland,NO,67.667,12.6934,30.25,62,100,12.41,light snow
513,Kathu,TH,7.9178,98.3332,86.7,83,39,7.47,scattered clouds
514,Barra,BR,-11.0894,-43.1417,77.56,71,100,1.63,light rain
515,Oktyabrskoye,RU,43.0645,44.7417,24.94,93,18,4.47,few clouds
516,Uaua,BR,-9.8414,-39.4817,77.83,63,95,3.15,light rain
517,Coromandel,BR,-18.4733,-47.2003,62.64,96,100,2.06,light rain
518,Kemijarvi,FI,66.7131,27.4306,20.03,94,100,7.94,overcast clouds
519,Tyup,KG,42.7276,78.3648,13.78,73,1,4.85,clear sky
520,Viedma,AR,-40.8135,-62.9967,69.49,64,25,15.1,scattered clouds
521,Ellington,US,41.904,-72.4698,28.26,48,20,20.71,few clouds
522,Jaciara,BR,-15.9653,-54.9683,70.34,98,74,3.69,broken clouds
523,Ordu,TR,40.9086,37.6845,25.3,80,16,6.24,few clouds
524,Usevya,TZ,-7.1,31.2333,65.25,96,100,3.2,light rain
525,Mahajanga,MG,-15.7167,46.3167,77.02,94,20,1.14,few clouds
526,Bakaly,RU,55.1789,53.8028,25.38,92,100,13.62,overcast clouds
527,Paragominas,BR,-2.9667,-47.4833,73.08,97,100,3.06,overcast clouds
528,Pyaozerskiy,RU,65.8333,31.1667,16.11,97,95,1.39,light snow
529,Aguilas,ES,37.4063,-1.5829,56.05,72,100,12.97,overcast clouds
530,Conceicao Da Barra,BR,-18.5933,-39.7322,77.59,88,97,9.33,overcast clouds
531,Cave Spring,US,37.2276,-80.0128,40.19,19,0,11.5,clear sky
532,Tutoia,BR,-2.7619,-42.2744,82.38,89,90,8.52,overcast clouds
533,Tonj,SS,7.2737,28.6822,80.71,12,30,9.84,scattered clouds
534,Kalmunai,LK,7.4167,81.8167,74.88,91,87,5.95,overcast clouds
535,North Myrtle Beach,US,33.816,-78.68,53.65,45,0,0.0,clear sky
536,Chardara,KZ,41.2547,67.9692,47.01,49,86,11.52,overcast clouds
537,Pascagoula,US,30.3658,-88.5561,57.25,46,0,3.44,clear sky
538,Wick,GB,58.4333,-3.0833,37.45,87,100,18.41,moderate rain
539,Dinard,FR,48.6314,-2.0614,50.68,92,0,10.36,clear sky
540,Rentina,GR,40.6574,23.614,54.45,67,76,1.36,broken clouds
541,Korla,CN,41.7597,86.1469,23.81,56,0,3.6,clear sky
542,Bonthe,SL,7.5264,-12.505,78.31,81,15,6.51,few clouds
543,Paamiut,GL,61.994,-49.6678,8.56,95,100,13.02,light snow
544,Ubatuba,BR,-23.4339,-45.0711,74.8,89,97,4.54,overcast clouds
545,Dondo,MZ,-19.6094,34.7431,81.91,81,100,3.29,overcast clouds
546,Conceicao Do Araguaia,BR,-8.2578,-49.2647,72.43,94,100,4.41,overcast clouds
547,Neuquen,AR,-38.9516,-68.0591,82.29,24,0,11.5,clear sky
548,Onega,RU,63.9061,38.1404,24.51,98,100,3.49,light snow
549,Marzuq,YE,14.4,46.4667,64.42,50,0,4.56,clear sky
550,Amsterdam,NL,52.374,4.8897,41.9,87,75,21.85,broken clouds
551,Walvis Bay,NA,-22.9575,14.5053,66.09,84,27,4.59,scattered clouds
552,Gambo,CF,4.6482,22.2633,69.75,60,67,3.02,broken clouds
553,Strai,NO,58.2,7.9,33.64,82,21,3.44,few clouds
554,Jundia,BR,-8.9347,-35.5736,78.62,81,44,6.29,scattered clouds
555,Mirpur Khas,PK,25.5251,69.0159,67.95,25,0,6.8,clear sky
556,Kostino,RU,58.9097,53.2691,28.42,88,100,12.28,overcast clouds
557,Mokhotlong,LS,-29.2894,29.0675,52.48,83,27,3.4,scattered clouds
558,Zhanaozen,KZ,43.3,52.8,39.04,48,2,6.96,clear sky
559,Gravdal,NO,68.1214,13.5031,27.48,62,100,8.28,overcast clouds
560,Savinskiy,RU,62.9342,40.1361,28.11,98,100,5.26,light snow
561,Shakhtinsk,KZ,49.71,72.5872,7.36,85,4,4.03,clear sky
562,San Giovanni In Fiore,IT,39.2633,16.6996,46.8,39,100,4.81,overcast clouds
563,Yenagoa,NG,4.9247,6.2642,77.92,86,98,3.44,overcast clouds
564,Ambositra,MG,-20.5167,47.25,58.35,91,85,2.08,overcast clouds
565,Vidalia,US,32.2177,-82.4135,54.28,53,0,0.0,clear sky
566,Sao Jose Da Coroa Grande,BR,-8.8978,-35.1478,80.65,77,83,12.37,broken clouds
567,Bereda,ES,43.2686,-7.5406,46.99,100,94,1.81,overcast clouds
568,Puerto Baquerizo Moreno,EC,-0.9,-89.6,77.31,77,13,9.91,few clouds
569,Saint-Honore,CA,48.5334,-71.0824,12.45,88,100,6.4,light snow
570,Cambridge,CA,43.3601,-80.3127,15.53,79,40,9.22,scattered clouds
571,Fort-Shevchenko,KZ,44.5086,50.263,40.53,63,4,2.89,clear sky
572,Puerto Ayacucho,VE,5.6639,-67.6236,88.52,34,71,10.33,broken clouds
573,Havoysund,NO,70.9963,24.6622,23.88,62,100,15.05,snow
574,Marrakesh,MA,31.6315,-8.0083,53.67,71,75,8.05,broken clouds
575,Winchester,GB,51.0651,-1.3187,50.02,88,75,13.8,haze
576,Ishimbay,RU,53.4545,56.0415,17.51,94,100,12.19,light snow
577,Aranos,NA,-24.1333,19.1167,75.43,56,89,9.84,overcast clouds
578,Resistencia,AR,-27.4606,-58.9839,91.45,34,55,4.61,smoke
579,Arcachon,FR,44.5875,-1.0519,50.05,71,100,10.36,overcast clouds
580,Saint-Joseph,RE,-21.3667,55.6167,79.18,90,100,22.3,moderate rain
581,Urengoy,RU,65.9667,78.3667,21.2,92,100,16.31,overcast clouds
582,Pokhara,NP,28.2333,83.9833,50.86,63,71,3.38,broken clouds
583,Dwarka,IN,22.2394,68.9678,71.55,68,6,12.59,clear sky
584,Amapa,BR,1.0,-52.0,72.5,98,99,2.51,overcast clouds
585,Barinas,VE,8.6226,-70.2075,87.84,40,56,1.14,broken clouds
586,Temirtau,KZ,50.0544,72.9483,7.05,82,2,3.76,clear sky
587,Irituia,BR,-1.7711,-47.4381,73.69,96,94,2.24,overcast clouds
588,Vryburg,ZA,-26.9566,24.7284,67.37,72,57,7.23,broken clouds
589,Inirida,CO,3.8653,-67.9239,78.51,72,83,2.51,broken clouds
590,Tocopilla,CL,-22.092,-70.1979,70.83,75,16,4.7,few clouds
591,Machiques,VE,10.0644,-72.545,82.63,50,97,11.01,overcast clouds
592,Kantabanji,IN,20.4833,82.9167,70.47,49,93,3.13,overcast clouds
593,Tursunzoda,TJ,38.5144,68.2333,45.48,50,69,7.36,broken clouds
594,Phalia,PK,32.4297,73.5775,50.47,41,0,3.31,clear sky
595,La Rioja,ES,42.25,-2.5,33.12,62,35,5.46,scattered clouds
596,Fenoarivo Atsinanana,MG,-17.3667,49.4167,73.42,85,91,12.44,overcast clouds
597,Vilhena,BR,-12.7406,-60.1458,69.1,99,57,6.02,broken clouds
598,Kitob,UZ,39.0843,66.8332,48.78,54,51,4.81,broken clouds
599,Rovaniemi,FI,66.5,25.7167,20.61,86,100,6.91,light snow
600,Naryan-Mar,RU,67.6713,53.087,28.29,94,100,16.37,light snow
601,Ozark,US,37.0209,-93.206,48.61,68,0,7.02,clear sky
602,Toamasina,MG,-18.1667,49.3833,75.2,88,20,9.22,few clouds
603,Pangoa,PE,-12.1167,-73.0,69.24,96,100,0.56,overcast clouds
604,Luau,AO,-10.7073,22.2247,64.69,97,100,6.02,overcast clouds
605,Skeldon,GY,5.8833,-57.1333,74.1,89,67,5.35,broken clouds
606,Akdepe,TM,42.0551,59.3788,33.89,47,2,8.1,clear sky
607,Taloda,IN,21.5667,74.2167,69.53,42,24,6.42,few clouds
608,Oriximina,BR,-1.7656,-55.8661,75.24,89,91,3.27,overcast clouds
609,Alta Floresta,BR,-9.8756,-56.0861,69.96,99,100,2.82,overcast clouds
610,Slupsk,PL,54.4641,17.0287,36.99,77,72,16.51,broken clouds
611,Ashford,GB,51.1459,0.8728,46.94,89,89,1.01,overcast clouds
612,Togur,RU,58.3631,82.8265,1.09,97,46,6.33,scattered clouds
613,Buta,CD,2.7858,24.73,72.68,64,98,2.33,overcast clouds
614,San Juan,AR,-31.5375,-68.5364,81.05,23,0,10.22,clear sky
615,Boddam,GB,57.4667,-1.7833,38.39,84,92,29.59,snow
616,Raga,SS,8.4596,25.678,75.52,18,88,11.25,overcast clouds
617,Moussoro,TD,13.6408,16.4901,66.78,13,2,18.19,clear sky
618,Tyukhtet,RU,56.5389,89.3011,-0.08,99,71,4.9,broken clouds
619,Sioux Lookout,CA,50.1001,-91.917,5.38,85,100,12.66,overcast clouds
620,Mitu,CO,1.1983,-70.1733,73.71,96,93,3.0,overcast clouds
621,Salinas,US,36.6777,-121.6555,76.01,61,0,11.5,clear sky
622,Vejle,DK,55.7093,9.5357,37.06,86,25,13.8,scattered clouds
623,Kigoma,TZ,-4.8769,29.6267,72.27,84,100,2.48,light rain
624,Kachiry,KZ,53.0675,76.1036,-1.95,94,5,5.82,clear sky
625,Huarmey,PE,-10.0681,-78.1522,73.62,78,65,8.86,broken clouds
626,Smithfield,US,41.922,-71.5495,29.46,46,0,16.11,clear sky
627,Kutum,SD,14.2,24.6667,54.03,21,0,11.88,clear sky
628,Salvador,SV,13.8333,-88.9167,84.24,31,8,10.22,clear sky
629,Sur,OM,22.5667,59.5289,69.13,65,5,2.68,clear sky
630,Kumylzhenskaya,RU,49.8809,42.5898,36.99,98,100,18.7,light rain
631,Caucaia,BR,-3.7361,-38.6531,82.04,76,20,6.91,few clouds
632,Tobermory,CA,45.2501,-81.6665,5.31,74,20,12.46,few clouds
633,Baraolt,RO,46.0751,25.6003,41.65,88,46,3.4,scattered clouds
634,Melito Di Porto Salvo,IT,37.9222,15.7714,59.54,88,75,6.91,broken clouds
635,Conakry,GN,9.538,-13.6773,79.38,71,40,6.64,scattered clouds
636,Bauta,CU,22.9828,-82.5464,75.09,78,40,12.66,scattered clouds
637,Caconda,AO,-13.7333,15.0667,60.4,90,100,3.38,light rain
638,Tallahassee,US,30.4383,-84.2807,57.04,45,20,3.44,few clouds
639,Plettenberg Bay,ZA,-34.0527,23.3716,68.23,80,2,12.08,clear sky
640,Granadilla De Abona,ES,28.1188,-16.576,58.86,72,20,18.41,few clouds
641,Voloshka,RU,61.3314,40.0858,30.67,98,100,7.43,snow
642,Capao Bonito,BR,-24.0058,-48.3494,63.64,92,31,3.15,scattered clouds
643,Sao Jose Dos Pinhais,BR,-25.5347,-49.2064,69.06,75,75,5.75,broken clouds
644,Koson,UZ,39.0375,65.585,44.92,48,1,7.94,clear sky
645,Pemba,MZ,-12.974,40.5178,77.7,94,75,6.91,broken clouds
646,Balykshi,KZ,47.0667,51.8667,26.6,100,75,6.71,mist
647,Denizli,TR,37.8402,29.0698,38.25,55,0,2.89,clear sky
648,Presidencia Roque Saenz Pena,AR,-26.7852,-60.4388,86.94,26,31,2.04,scattered clouds
649,Verkhovazhye,RU,60.7472,42.0465,31.05,96,100,8.68,overcast clouds
650,Cicero Dantas,BR,-10.6,-38.3833,75.43,76,96,9.71,overcast clouds
651,Kargasok,RU,59.0556,80.8572,7.52,89,20,8.21,few clouds
652,Guiratinga,BR,-16.3494,-53.7583,67.24,97,64,6.55,broken clouds
653,Ofaqim,IL,31.3141,34.6203,52.72,86,26,5.32,scattered clouds
654,Valday,RU,57.9747,33.2525,31.73,98,100,11.65,snow
655,Kourou,GF,5.1552,-52.6478,77.11,89,70,4.94,light rain
656,Barra Patuca,HN,15.8,-84.2833,76.82,84,19,10.31,few clouds
657,Shelburne,CA,44.0787,-80.2041,11.68,89,77,11.63,broken clouds
658,Elmira,US,42.0898,-76.8077,20.95,59,0,14.97,clear sky
659,Rio Grande,BR,-32.035,-52.0986,72.66,72,0,14.56,clear sky
660,Olden,NO,61.8364,6.8064,34.9,96,100,9.15,overcast clouds
661,Tsiroanomandidy,MG,-18.7667,46.0333,70.05,77,96,3.0,overcast clouds
662,Abay,KZ,49.6311,72.8539,7.18,81,3,5.1,clear sky
663,Cabras,IT,39.93,8.5314,52.23,66,99,13.96,overcast clouds
664,Verkhnyaya Inta,RU,65.9811,60.3094,24.48,84,76,12.55,broken clouds
665,Ober-Ramstadt,DE,49.8336,8.7519,45.09,67,100,1.01,overcast clouds
666,Karachi,PK,24.9056,67.0822,67.82,60,0,5.75,smoke
667,Jiwani,PK,25.05,61.7417,69.98,58,0,4.21,clear sky
668,Morondava,MG,-20.2833,44.2833,80.53,81,56,2.08,broken clouds
669,Kerugoya,KE,-0.4989,37.2803,60.85,65,98,5.14,overcast clouds
670,Zarichne,UA,51.8126,26.129,36.7,72,57,16.06,broken clouds
671,Magadi,IN,12.9667,77.2333,61.14,84,95,5.35,overcast clouds
672,Garmsar,IR,35.2182,52.3409,50.67,68,100,5.82,overcast clouds
673,Vallenar,CL,-28.5708,-70.7581,75.02,52,0,4.05,clear sky
674,Mantua,IT,45.1667,10.7833,51.28,90,100,1.01,overcast clouds
675,Balkanabat,TM,39.5108,54.3671,49.84,56,94,5.01,overcast clouds
676,Kamenka,RU,51.3223,42.7678,33.75,98,100,18.97,snow
677,Sao Domingos Do Maranhao,BR,-5.5758,-44.3853,71.55,97,97,1.14,overcast clouds
678,Astana,KZ,51.1801,71.446,1.35,78,0,4.47,clear sky
679,Vasilika,GR,40.4797,23.137,54.14,69,85,1.01,overcast clouds
680,Kozhva,RU,65.1073,57.0459,27.7,89,98,13.6,overcast clouds
681,Zamora,EC,-4.0692,-78.9567,69.67,98,98,4.79,light rain
682,Beyla,GN,8.6833,-8.6333,76.14,18,7,2.28,clear sky
683,Mweka,CD,-4.85,21.5667,67.66,99,99,0.63,overcast clouds
684,Rock Sound,BS,24.9,-76.2,75.7,76,2,4.43,clear sky
685,Rwamagana,RW,-1.9487,30.4347,63.84,91,95,2.53,overcast clouds
686,Bosaso,SO,11.2842,49.1816,71.78,74,4,6.53,clear sky
687,Descalvado,BR,-21.9039,-47.6194,68.88,90,92,3.42,overcast clouds
688,Gander,CA,48.9682,-54.5906,17.73,78,40,17.27,scattered clouds
689,Aksu,CN,41.1231,80.2644,24.31,50,0,2.71,clear sky
690,Ateptsevo,RU,55.3236,36.75,36.12,98,100,14.63,light snow
691,Agadir,MA,30.4202,-9.5982,59.45,75,6,4.97,clear sky
